game_id,HomeTeam,AwayTeam,HomeScore,AwayScore,Home_xG,Away_xG,Home_shots,Away_shots,Home_ToP,Winner
game_2023_94,TUC,ALB,1,3,2.52,2,13,15,0.53,ALB
game_2023_341,MOB,ALB,3,1,0.46,0.99,11,8,0.56,MOB
game_2023_442,CHM,ALB,0,1,1.62,1.16,16,13,0.52,ALB
game_2023_50,SAS,ALB,2,1,1.53,0.55,20,2,0.49,SAS
game_2023_389,FOR,ALB,0,2,2.15,1.13,18,13,0.71,ALB
game_2023_27,FAR,ALB,3,2,2.26,1.16,17,10,0.69,FAR
game_2023_187,PRO,ALB,4,1,2.59,2.23,21,16,0.52,PRO
game_2023_366,TAC,ALB,3,3,0.36,1.21,6,7,0.56,ALB
game_2023_258,REN,ALB,0,1,0.8,0.8,22,6,0.57,ALB
game_2023_470,BOI,ALB,0,3,1.37,0.97,15,21,0.48,ALB
game_2023_162,WIC,ALB,2,2,1.36,2.24,22,23,0.6,ALB
game_2023_241,OAK,ALB,2,2,1.6,1.43,12,19,0.47,ALB
game_2023_308,BAK,ALB,3,3,1.53,1.18,11,13,0.48,ALB
game_2023_204,SFS,ALB,2,0,1.52,0.53,12,10,0.54,SFS
game_2023_134,SPR,ALB,7,2,0.92,1.28,11,14,0.5,SPR
game_2023_120,ANC,ALB,3,2,3.27,1.48,28,13,0.52,ANC
game_2023_80,EUG,ALB,1,1,0.83,1.48,12,16,0.5,ALB
game_2023_289,REN,ANC,0,0,0.55,0.13,3,18,0.54,ANC
game_2023_313,SPR,ANC,3,2,1.6,0.67,19,7,0.49,SPR
game_2023_156,TAC,ANC,4,0,1.34,0.94,13,10,0.4,TAC
game_2023_349,EUG,ANC,2,5,1.56,1.09,12,9,0.42,ANC
game_2023_253,BOI,ANC,1,2,1.33,1.18,16,18,0.51,ANC
game_2023_75,SAS,ANC,1,2,2.49,0.82,25,11,0.35,ANC
game_2023_42,TUC,ANC,2,0,1.67,0.95,14,16,0.58,TUC
game_2023_87,BAK,ANC,2,2,2.59,1.09,19,19,0.51,ANC
game_2023_208,AUG,ANC,2,3,0.72,1.26,12,10,0.66,ANC
game_2023_464,FOR,ANC,0,2,2.14,1.31,11,10,0.58,ANC
game_2023_383,OAK,ANC,0,7,1.43,1.66,21,10,0.43,ANC
game_2023_398,SJU,ANC,0,0,0.46,0.56,7,2,0.53,ANC
game_2023_4,FAR,ANC,0,1,2.27,1.08,4,14,0.51,ANC
game_2023_370,DOV,ANC,5,0,2.31,0.3,17,6,0.59,DOV
game_2023_217,ALB,ANC,3,5,0.41,1.9,9,17,0.53,ANC
game_2023_129,WIC,ANC,0,4,0.71,1.49,10,14,0.59,ANC
game_2023_431,SFS,ANC,2,1,2.31,0.81,5,13,0.52,SFS
game_2023_339,PRO,AUG,1,3,2.28,1.58,17,16,0.43,AUG
game_2023_230,LEX,AUG,1,1,1.48,0.92,10,14,0.45,AUG
game_2023_327,CHM,AUG,0,1,1.28,1.3,14,9,0.43,AUG
game_2023_21,EUG,AUG,2,1,1.16,1.44,10,11,0.53,EUG
game_2023_11,SFS,AUG,1,1,1.34,1.2,6,11,0.54,AUG
game_2023_67,MOB,AUG,2,2,1.43,0.36,8,9,0.43,AUG
game_2023_401,LAR,AUG,0,3,0.84,1.38,14,15,0.36,AUG
game_2023_469,LRO,AUG,1,2,1.64,0.86,7,12,0.55,AUG
game_2023_364,MAN,AUG,0,2,1.9,0.88,15,8,0.58,AUG
game_2023_380,TOL,AUG,0,0,0.34,1.13,2,15,0.5,AUG
game_2023_264,SAS,AUG,1,1,1.33,1.14,12,10,0.5,AUG
game_2023_161,SJU,AUG,2,3,1.25,0.75,6,8,0.45,AUG
game_2023_283,SPR,AUG,4,1,0.73,0.99,16,13,0.35,SPR
game_2023_223,DOV,AUG,4,0,3.64,0.55,22,9,0.42,DOV
game_2023_185,BAK,AUG,0,1,1.37,0.81,16,12,0.46,AUG
game_2023_307,JAC,AUG,2,1,2.21,1.1,16,8,0.53,JAC
game_2023_414,DES,AUG,2,3,2.17,2.05,15,19,0.47,AUG
game_2023_170,SAS,BAK,1,0,1.04,0.22,15,10,0.67,SAS
game_2023_325,ANC,BAK,1,0,2.32,0.12,15,5,0.55,ANC
game_2023_84,FOR,BAK,2,1,2.11,1.03,14,11,0.57,FOR
game_2023_293,TUC,BAK,1,1,1.12,1.37,13,15,0.72,BAK
game_2023_41,SPR,BAK,3,3,0.9,1.18,11,8,0.48,BAK
game_2023_122,FAR,BAK,2,2,2.63,1.37,25,3,0.54,BAK
game_2023_5,DOV,BAK,0,0,1.9,0.56,17,6,0.53,BAK
game_2023_228,SFS,BAK,3,3,2.94,2.15,20,19,0.53,BAK
game_2023_433,TAC,BAK,4,2,2.26,0.81,14,20,0.57,TAC
game_2023_345,OAK,BAK,0,1,1.05,0.98,12,14,0.62,BAK
game_2023_219,PRO,BAK,2,2,1.61,0.73,19,12,0.55,BAK
game_2023_412,ALB,BAK,1,0,0.67,0.77,16,17,0.52,ALB
game_2023_210,LAR,BAK,2,0,1.52,0.43,18,2,0.54,LAR
game_2023_388,BOI,BAK,3,0,1.02,0.75,13,2,0.52,BOI
game_2023_451,WIC,BAK,1,2,1.79,0.93,16,8,0.55,BAK
game_2023_152,REN,BAK,2,4,2.19,0.84,20,11,0.58,BAK
game_2023_250,EUG,BAK,0,2,0.86,1.42,18,10,0.48,BAK
game_2023_402,FAR,BOI,2,0,2.55,0.57,19,7,0.55,FAR
game_2023_192,EUG,BOI,4,3,1.16,1.64,19,15,0.41,EUG
game_2023_454,SFS,BOI,1,1,1.47,0.83,25,12,0.63,BOI
game_2023_35,LAR,BOI,3,0,2.03,0.5,14,7,0.5,LAR
game_2023_174,JAC,BOI,0,2,0.52,1.18,17,10,0.56,BOI
game_2023_12,TUC,BOI,1,5,1.06,2.09,17,14,0.53,BOI
game_2023_375,SAS,BOI,3,3,2.42,1.32,11,17,0.53,BOI
game_2023_267,LRO,BOI,1,2,1.4,0.99,18,9,0.53,BOI
game_2023_96,AUG,BOI,2,1,1.77,0.67,16,6,0.56,AUG
game_2023_309,WIC,BOI,3,3,1.54,1.18,17,19,0.62,BOI
game_2023_105,ALB,BOI,1,1,1.64,1.95,15,14,0.53,BOI
game_2023_138,OAK,BOI,2,3,0.72,1.39,4,18,0.54,BOI
game_2023_69,ANC,BOI,1,1,1.74,1.25,4,13,0.63,BOI
game_2023_243,BAK,BOI,1,0,1.83,0.24,28,7,0.46,BAK
game_2023_346,REN,BOI,1,1,0.51,1.5,9,16,0.69,BOI
game_2023_57,TAC,BOI,0,2,1.57,1.01,17,15,0.61,BOI
game_2023_427,FOR,BOI,6,3,2.82,0.82,11,5,0.45,FOR
game_2023_215,BOI,CHM,1,1,0.34,0.35,13,4,0.53,CHM
game_2023_421,PRO,CHM,0,1,0.94,0.97,16,16,0.42,CHM
game_2023_252,MAN,CHM,0,2,1.17,1.67,11,13,0.44,CHM
game_2023_128,LAR,CHM,3,3,3.65,0.93,29,7,0.64,CHM
game_2023_225,MOB,CHM,1,1,0.32,0.6,11,10,0.63,CHM
game_2023_74,DOV,CHM,2,2,1.97,0.78,27,3,0.31,CHM
game_2023_99,TAC,CHM,0,2,1.57,1.45,17,9,0.53,CHM
game_2023_335,ANC,CHM,1,0,2.38,0.37,16,3,0.42,ANC
game_2023_462,TOL,CHM,0,3,1.67,1.6,27,16,0.46,CHM
game_2023_369,LEX,CHM,2,1,1.55,0.83,8,11,0.35,LEX
game_2023_459,DES,CHM,2,3,0.87,0.55,6,16,0.52,CHM
game_2023_180,LRO,CHM,1,1,2.25,0.92,17,14,0.69,CHM
game_2023_15,WIC,CHM,1,1,1.29,0.91,16,11,0.46,CHM
game_2023_263,SJU,CHM,2,1,1.51,1.34,12,19,0.51,SJU
game_2023_142,AUG,CHM,1,1,1.91,0.29,15,3,0.53,CHM
game_2023_53,SPR,CHM,2,1,0.83,0.69,12,15,0.44,SPR
game_2023_406,JAC,CHM,3,1,2.93,1.24,20,13,0.56,JAC
game_2023_336,FAR,DES,1,4,2.13,2.63,15,18,0.52,DES
game_2023_191,REN,DES,0,2,1.03,0.52,20,10,0.57,DES
game_2023_463,SPR,DES,1,1,1.15,0.41,13,13,0.28,DES
game_2023_348,AUG,DES,0,3,0.78,2.3,22,15,0.64,DES
game_2023_61,DOV,DES,1,2,2.21,0.32,19,4,0.42,DES
game_2023_288,MOB,DES,1,1,1.05,1.76,10,9,0.48,DES
game_2023_274,PRO,DES,1,1,0.2,1.04,6,14,0.59,DES
game_2023_115,TOL,DES,2,1,1.43,0.54,19,13,0.42,TOL
game_2023_239,TUC,DES,1,0,1.81,0.68,17,9,0.59,TUC
game_2023_100,ANC,DES,2,1,2.71,0.66,26,13,0.53,ANC
game_2023_394,LEX,DES,4,5,0.27,1.85,11,13,0.37,DES
game_2023_430,MAN,DES,0,1,1.5,0.21,1,4,0.41,DES
game_2023_86,LAR,DES,2,0,1.36,0.6,17,10,0.4,LAR
game_2023_3,SJU,DES,1,2,1.23,1.11,16,9,0.47,DES
game_2023_200,CHM,DES,0,1,0.95,1.95,13,17,0.52,DES
game_2023_40,LRO,DES,1,1,1.67,0.55,14,9,0.6,DES
game_2023_216,JAC,DES,2,2,2.42,0.83,22,13,0.49,DES
game_2023_240,CHM,DOV,0,1,1.15,1.45,15,8,0.53,DOV
game_2023_93,MOB,DOV,2,3,1.97,0.62,6,14,0.54,DOV
game_2023_231,MAN,DOV,7,1,1.82,1.28,16,15,0.56,MAN
game_2023_266,PRO,DOV,4,1,1.26,0.16,13,18,0.57,PRO
game_2023_359,SJU,DOV,0,2,0.28,1.28,8,7,0.5,DOV
game_2023_396,SPR,DOV,2,1,1.38,1.26,11,16,0.55,SPR
game_2023_123,OAK,DOV,1,1,0.98,1.48,16,19,0.6,DOV
game_2023_186,LAR,DOV,1,2,1.13,1.36,15,13,0.6,DOV
game_2023_49,AUG,DOV,3,3,0.84,0.82,10,18,0.73,DOV
game_2023_351,SAS,DOV,1,2,1.91,0.98,20,4,0.47,DOV
game_2023_297,TOL,DOV,1,2,0.49,1.08,10,16,0.63,DOV
game_2023_436,LRO,DOV,2,1,1.81,0.88,17,14,0.53,LRO
game_2023_172,ALB,DOV,2,2,1.55,0.23,19,11,0.65,DOV
game_2023_23,JAC,DOV,2,3,1.01,2.42,7,17,0.65,DOV
game_2023_328,LEX,DOV,2,0,0.95,0.97,8,18,0.49,LEX
game_2023_452,DES,DOV,5,2,2.13,0.78,7,10,0.52,DES
game_2023_133,FAR,DOV,2,2,2.04,1.83,21,11,0.66,DOV
game_2023_107,FOR,EUG,1,7,1.38,1.51,16,13,0.67,EUG
game_2023_8,CHM,EUG,0,0,1.54,1.18,11,3,0.57,EUG
game_2023_419,ANC,EUG,0,0,1.97,0.67,19,14,0.47,EUG
game_2023_311,OAK,EUG,3,0,2.12,0.22,13,2,0.5,OAK
game_2023_189,TAC,EUG,1,3,0.69,2.36,15,17,0.59,EUG
game_2023_95,JAC,EUG,2,1,2.6,0.5,16,8,0.54,JAC
game_2023_207,SAS,EUG,0,2,1.23,1.2,12,9,0.66,EUG
game_2023_474,BAK,EUG,3,2,2.68,1.43,17,18,0.49,BAK
game_2023_404,WIC,EUG,5,1,1.68,0.69,15,4,0.48,WIC
game_2023_39,TUC,EUG,3,1,2.18,0.51,14,10,0.58,TUC
game_2023_196,REN,EUG,3,3,2.49,0.41,20,11,0.56,EUG
game_2023_361,BOI,EUG,0,1,1.9,0.82,22,7,0.53,EUG
game_2023_344,SFS,EUG,2,0,1.38,0.19,19,7,0.62,SFS
game_2023_55,FAR,EUG,1,0,1.24,0.84,14,11,0.62,FAR
game_2023_177,DES,EUG,2,2,1.7,0.24,14,8,0.63,EUG
game_2023_272,LEX,EUG,2,1,2.34,1.31,13,17,0.61,LEX
game_2023_286,ALB,EUG,0,1,1.04,0.75,11,11,0.65,EUG
game_2023_145,ANC,FAR,1,1,1.18,1.27,9,16,0.39,FAR
game_2023_410,SAS,FAR,1,0,1.61,1.08,13,11,0.67,SAS
game_2023_282,OAK,FAR,1,2,0.23,1.02,13,10,0.5,FAR
game_2023_291,TAC,FAR,1,3,1.44,0.86,10,17,0.6,FAR
game_2023_357,WIC,FAR,0,3,1.18,1.47,23,13,0.54,FAR
game_2023_323,BOI,FAR,0,3,1.53,1.87,10,11,0.57,FAR
game_2023_423,BAK,FAR,1,2,0.25,1.59,17,8,0.46,FAR
game_2023_32,PRO,FAR,3,1,1.61,1.16,16,19,0.47,PRO
game_2023_386,TUC,FAR,2,3,1.61,1.36,3,14,0.45,FAR
game_2023_234,EUG,FAR,0,2,1.02,0.88,9,11,0.43,FAR
game_2023_367,FOR,FAR,3,1,1.96,1.19,21,9,0.48,FOR
game_2023_456,ALB,FAR,1,2,1.38,0.88,16,6,0.53,FAR
game_2023_76,SFS,FAR,0,5,0.9,1.2,9,9,0.43,FAR
game_2023_165,CHM,FAR,2,1,1.59,1.55,16,14,0.64,CHM
game_2023_203,REN,FAR,3,1,2.54,0.36,21,3,0.52,REN
game_2023_109,LEX,FAR,1,0,1.02,0.24,20,10,0.45,LEX
game_2023_64,TOL,FAR,2,3,1.24,1.52,16,14,0.61,FAR
game_2023_60,WIC,FOR,1,1,1.42,2.16,10,8,0.64,FOR
game_2023_28,ALB,FOR,2,2,1.04,1.25,15,12,0.39,FOR
game_2023_233,DES,FOR,2,4,1.57,1.79,15,5,0.63,FOR
game_2023_392,OAK,FOR,4,3,2.48,1.75,14,12,0.41,OAK
game_2023_354,BAK,FOR,1,0,1.7,0.48,22,2,0.37,BAK
game_2023_447,EUG,FOR,0,1,1.07,1.34,18,15,0.32,FOR
game_2023_273,SAS,FOR,2,0,2.22,0.36,18,10,0.49,SAS
game_2023_303,TAC,FOR,1,2,1.67,0.63,17,17,0.42,FOR
game_2023_251,LRO,FOR,1,0,1.82,0.68,13,8,0.62,LRO
game_2023_190,SFS,FOR,2,1,3.22,0.62,16,9,0.44,SFS
game_2023_154,FAR,FOR,2,0,2.09,0.14,19,2,0.58,FAR
game_2023_113,TUC,FOR,3,1,2.8,1.36,21,9,0.4,TUC
game_2023_85,SJU,FOR,2,3,2.61,1.69,19,13,0.42,FOR
game_2023_244,ANC,FOR,2,2,2.46,1.27,17,8,0.45,FOR
game_2023_140,BOI,FOR,1,1,1.51,0.36,19,10,0.45,FOR
game_2023_198,JAC,FOR,3,2,2.13,1.55,24,10,0.63,JAC
game_2023_407,REN,FOR,2,1,2.72,0.76,13,12,0.53,REN
game_2023_33,AUG,JAC,0,2,1.63,1.16,9,8,0.51,JAC
game_2023_45,LRO,JAC,0,1,0.95,1.89,11,11,0.54,JAC
game_2023_317,CHM,JAC,0,0,0.36,0.63,18,14,0.44,JAC
game_2023_338,TUC,JAC,2,2,0.88,1.3,18,20,0.51,JAC
game_2023_434,LAR,JAC,1,3,1.95,0.63,19,8,0.4,JAC
game_2023_102,DOV,JAC,2,0,1.34,0.41,14,8,0.46,DOV
game_2023_77,SPR,JAC,1,1,1.23,0.5,6,11,0.5,JAC
game_2023_400,MOB,JAC,0,0,1.54,0.87,15,11,0.43,JAC
game_2023_146,DES,JAC,0,2,0.21,0.92,8,3,0.55,JAC
game_2023_466,PRO,JAC,0,4,1.05,1.11,13,12,0.39,JAC
game_2023_9,TOL,JAC,1,2,1.2,1.2,17,20,0.49,JAC
game_2023_65,LEX,JAC,1,2,1.88,2.04,23,16,0.42,JAC
game_2023_229,REN,JAC,1,3,1.39,1.41,21,9,0.52,JAC
game_2023_294,SJU,JAC,0,0,0.96,0.81,13,17,0.43,JAC
game_2023_247,SFS,JAC,1,2,0.95,1.7,6,12,0.38,JAC
game_2023_160,OAK,JAC,2,2,1.76,0.96,19,11,0.44,JAC
game_2023_373,MAN,JAC,3,0,2.81,0.63,20,13,0.58,MAN
game_2023_350,MOB,LAR,0,1,1.07,0.84,11,3,0.66,LAR
game_2023_46,DES,LAR,1,2,0.58,1.33,14,17,0.49,LAR
game_2023_467,MAN,LAR,0,1,1.42,0.94,13,7,0.55,LAR
game_2023_358,JAC,LAR,1,1,0.29,0.49,5,4,0.53,LAR
game_2023_6,ALB,LAR,1,1,0.62,0.78,11,17,0.54,LAR
game_2023_277,DOV,LAR,0,1,1.03,0.72,17,3,0.44,LAR
game_2023_326,TOL,LAR,3,2,2.09,1.51,11,12,0.53,TOL
game_2023_222,EUG,LAR,2,2,1.93,0.72,28,6,0.53,LAR
game_2023_413,SPR,LAR,2,5,1.76,0.93,20,8,0.58,LAR
game_2023_78,PRO,LAR,5,1,0.72,1.61,16,11,0.37,PRO
game_2023_424,TUC,LAR,0,3,2.02,0.78,25,6,0.43,LAR
game_2023_195,TAC,LAR,2,3,1.14,0.67,12,10,0.4,LAR
game_2023_295,CHM,LAR,0,1,1.47,1.2,15,11,0.53,LAR
game_2023_103,SJU,LAR,2,3,1.61,1.09,14,9,0.32,LAR
game_2023_153,LRO,LAR,1,2,1.03,1.66,7,12,0.57,LAR
game_2023_166,LEX,LAR,7,0,2.47,0.18,20,10,0.52,LEX
game_2023_256,AUG,LAR,4,2,0.9,1.2,6,8,0.59,AUG
game_2023_475,LRO,LEX,1,2,2.1,1.3,17,6,0.51,LEX
game_2023_444,REN,LEX,1,2,1.52,1.33,10,6,0.53,LEX
game_2023_304,PRO,LEX,1,1,1.07,0.99,12,15,0.54,LEX
game_2023_56,DES,LEX,2,1,1.48,1.05,15,5,0.58,DES
game_2023_280,CHM,LEX,2,1,2.08,1.38,19,19,0.58,CHM
game_2023_199,DOV,LEX,5,2,2.61,1.12,24,9,0.45,DOV
game_2023_461,SJU,LEX,3,1,3.01,1.24,18,16,0.57,SJU
game_2023_179,JAC,LEX,0,3,1.78,1.3,21,10,0.51,LEX
game_2023_429,BOI,LEX,0,1,3.01,0.27,22,14,0.59,LEX
game_2023_127,BAK,LEX,0,2,1.01,1.08,24,15,0.53,LEX
game_2023_30,TOL,LEX,1,1,2.18,1.27,22,9,0.69,LEX
game_2023_355,SPR,LEX,3,0,1.73,0.39,18,13,0.52,SPR
game_2023_238,LAR,LEX,0,3,1.63,1.1,15,16,0.55,LEX
game_2023_405,AUG,LEX,3,1,4.03,0.87,25,10,0.65,AUG
game_2023_2,FOR,LEX,1,0,0.98,0.9,9,11,0.57,FOR
game_2023_114,MOB,LEX,1,1,2.18,0.92,16,8,0.65,LEX
game_2023_141,MAN,LEX,1,1,1.28,1.77,16,11,0.61,LEX
game_2023_381,DOV,LRO,1,3,1.45,0.52,11,9,0.45,LRO
game_2023_14,ANC,LRO,1,0,1.74,1,17,9,0.36,ANC
game_2023_213,MOB,LRO,1,3,0.65,1.89,3,16,0.44,LRO
game_2023_397,ALB,LRO,2,5,1.1,1.14,14,7,0.39,LRO
game_2023_236,AUG,LRO,2,0,2.05,0.69,9,13,0.5,AUG
game_2023_108,PRO,LRO,0,4,0.97,1.74,23,16,0.37,LRO
game_2023_425,TOL,LRO,1,1,1.3,1.07,11,13,0.55,LRO
game_2023_59,SJU,LRO,0,0,1.36,1.32,17,8,0.44,LRO
game_2023_164,OAK,LRO,1,3,1.68,1.35,23,10,0.45,LRO
game_2023_362,CHM,LRO,1,1,1.74,0.84,22,9,0.49,LRO
game_2023_333,LEX,LRO,3,2,2.36,1.8,22,5,0.4,LEX
game_2023_299,SFS,LRO,1,2,2.17,0.72,18,10,0.49,LRO
game_2023_112,JAC,LRO,1,2,2.15,1.39,15,12,0.39,LRO
game_2023_302,MAN,LRO,3,1,1.87,1.32,18,10,0.53,MAN
game_2023_446,LAR,LRO,1,0,1.53,0.97,14,10,0.38,LAR
game_2023_83,DES,LRO,1,2,0.67,1.45,15,15,0.51,LRO
game_2023_232,SPR,LRO,0,5,1.15,1.56,16,17,0.42,LRO
game_2023_320,DES,MAN,2,1,0.6,0.52,11,6,0.6,DES
game_2023_126,LRO,MAN,2,1,1.16,0.82,16,14,0.61,LRO
game_2023_334,DOV,MAN,1,2,1.99,0.4,15,6,0.44,MAN
game_2023_287,EUG,MAN,3,1,2.42,1.75,13,13,0.39,EUG
game_2023_178,MOB,MAN,1,1,1.49,0.19,20,10,0.38,MAN
game_2023_382,LAR,MAN,3,1,1.86,1.58,16,21,0.53,LAR
game_2023_448,LEX,MAN,0,0,0.65,1.02,16,9,0.52,MAN
game_2023_155,SPR,MAN,2,0,0.22,0.34,9,14,0.44,SPR
game_2023_1,PRO,MAN,1,1,1.63,0.34,17,8,0.53,MAN
game_2023_237,WIC,MAN,0,0,1.64,0.17,23,1,0.56,MAN
game_2023_98,BAK,MAN,2,1,1.99,0.27,22,9,0.56,BAK
game_2023_393,CHM,MAN,1,1,1.18,1.33,19,10,0.53,MAN
game_2023_168,AUG,MAN,2,2,1.26,1.55,11,12,0.6,MAN
game_2023_214,TUC,MAN,4,0,1.52,0.41,15,12,0.53,TUC
game_2023_420,JAC,MAN,1,1,1.14,1.08,15,3,0.54,MAN
game_2023_73,TOL,MAN,1,1,0.56,1.1,10,12,0.62,MAN
game_2023_29,SJU,MAN,1,2,2.31,2.1,19,20,0.55,MAN
game_2023_332,OAK,MOB,2,3,2.62,0.42,23,7,0.5,MOB
game_2023_271,MAN,MOB,0,1,0.91,0.85,18,11,0.43,MOB
game_2023_279,JAC,MOB,3,0,2.58,1.38,19,13,0.64,JAC
game_2023_167,SJU,MOB,3,1,2.7,0.76,11,7,0.48,SJU
game_2023_360,PRO,MOB,2,3,2.38,2,24,11,0.41,MOB
game_2023_418,LRO,MOB,4,3,3.05,1.18,25,11,0.53,LRO
game_2023_7,SAS,MOB,0,0,0.75,0.38,14,12,0.44,MOB
game_2023_125,LEX,MOB,2,0,2.61,0.78,21,12,0.6,LEX
game_2023_206,SPR,MOB,1,1,0.96,1.03,18,16,0.41,MOB
game_2023_139,EUG,MOB,0,1,1.13,0.69,16,8,0.45,MOB
game_2023_82,BOI,MOB,2,0,2.26,1.24,17,15,0.48,BOI
game_2023_473,DOV,MOB,1,1,1.7,0.14,19,10,0.51,MOB
game_2023_377,DES,MOB,0,1,1.26,1.07,15,9,0.58,MOB
game_2023_439,TOL,MOB,2,3,0.93,1.29,8,8,0.44,MOB
game_2023_111,AUG,MOB,1,0,2.22,0.27,22,6,0.58,AUG
game_2023_310,LAR,MOB,1,1,1.49,0.51,14,11,0.53,MOB
game_2023_38,CHM,MOB,0,2,1.85,1.14,15,5,0.48,MOB
game_2023_34,SAS,OAK,0,2,0.29,0.99,10,15,0.57,OAK
game_2023_318,ALB,OAK,0,1,0.81,1.14,3,13,0.53,OAK
game_2023_220,SJU,OAK,0,0,1.27,0.39,14,1,0.58,OAK
game_2023_184,ANC,OAK,2,0,2.86,0.21,28,4,0.64,ANC
game_2023_10,REN,OAK,1,1,0.7,0.17,7,7,0.57,OAK
game_2023_66,CHM,OAK,1,1,1.15,0.62,17,10,0.66,OAK
game_2023_435,FOR,OAK,1,1,1.19,1.16,12,11,0.52,OAK
game_2023_257,DES,OAK,2,0,0.68,0.4,6,4,0.6,DES
game_2023_20,BAK,OAK,1,2,1.27,1.64,9,20,0.55,OAK
game_2023_147,TUC,OAK,0,2,0.65,0.72,9,5,0.38,OAK
game_2023_79,TAC,OAK,2,3,1.74,1.12,24,13,0.52,OAK
game_2023_296,LEX,OAK,1,2,2.11,1.25,27,14,0.59,OAK
game_2023_374,EUG,OAK,0,0,0.72,1.02,14,11,0.47,OAK
game_2023_468,FAR,OAK,1,4,1.69,1.56,13,20,0.66,OAK
game_2023_47,BOI,OAK,2,0,1.38,0.41,18,14,0.42,BOI
game_2023_104,SFS,OAK,2,1,1.72,1.65,11,15,0.66,SFS
game_2023_91,WIC,OAK,0,3,0.5,1.61,13,17,0.65,OAK
game_2023_441,SJU,PRO,0,2,1.82,0.59,22,10,0.43,PRO
game_2023_246,SAS,PRO,2,0,3.1,0.37,22,7,0.57,SAS
game_2023_292,AUG,PRO,5,3,1.72,1.15,18,11,0.46,AUG
game_2023_26,FOR,PRO,1,2,2.05,0.77,17,14,0.58,PRO
game_2023_445,MOB,PRO,1,5,2.34,1.54,14,11,0.41,PRO
game_2023_324,JAC,PRO,2,3,2.61,1.07,19,9,0.51,PRO
game_2023_209,LRO,PRO,0,0,1.49,0.59,21,6,0.59,PRO
game_2023_159,DOV,PRO,1,0,0.88,0.47,12,5,0.53,DOV
game_2023_372,SPR,PRO,0,3,0.5,1.07,5,20,0.45,PRO
game_2023_90,REN,PRO,2,1,0.79,0.7,12,11,0.61,REN
game_2023_131,DES,PRO,2,0,1.8,0.98,17,11,0.53,DES
game_2023_44,LEX,PRO,0,1,1.14,0.58,12,8,0.49,PRO
game_2023_387,CHM,PRO,1,3,2.17,1.92,19,12,0.5,PRO
game_2023_316,WIC,PRO,0,4,0.89,2.38,20,18,0.62,PRO
game_2023_119,LAR,PRO,0,1,1.27,0.47,11,11,0.66,PRO
game_2023_411,MAN,PRO,2,3,3.03,1.59,16,12,0.53,PRO
game_2023_255,TOL,PRO,2,0,0.49,0.39,15,4,0.55,TOL
game_2023_368,ALB,REN,2,0,1.72,0.97,8,3,0.49,ALB
game_2023_163,TUC,REN,2,4,1.33,1.62,8,5,0.46,REN
game_2023_391,TOL,REN,3,1,1.49,1.33,19,17,0.48,TOL
game_2023_278,MAN,REN,0,1,0.79,1.02,15,14,0.5,REN
game_2023_25,BOI,REN,1,1,2.21,0.78,24,9,0.48,REN
game_2023_330,LRO,REN,2,2,2.41,0.81,13,14,0.49,REN
game_2023_135,SAS,REN,4,1,1.05,1.21,18,13,0.57,SAS
game_2023_438,EUG,REN,2,0,1.28,0.68,13,7,0.35,EUG
game_2023_235,MOB,REN,1,3,1.08,2.27,12,15,0.62,REN
game_2023_268,OAK,REN,1,0,1.32,0.91,16,13,0.46,OAK
game_2023_54,FOR,REN,0,4,1.92,1.21,10,18,0.61,REN
game_2023_301,FAR,REN,2,1,1.92,0.63,13,7,0.48,FAR
game_2023_353,SFS,REN,1,4,1.36,1.31,20,5,0.52,REN
game_2023_175,ANC,REN,1,0,1.87,0.86,21,16,0.41,ANC
game_2023_70,BAK,REN,0,2,2.06,1.14,16,16,0.44,REN
game_2023_106,WIC,REN,1,1,2.04,1.07,17,13,0.56,REN
game_2023_458,TAC,REN,0,3,1.74,1.27,21,18,0.51,REN
game_2023_157,EUG,SAS,0,3,0.59,1.6,15,15,0.43,SAS
game_2023_88,SPR,SAS,4,1,2.67,0.96,24,16,0.53,SPR
game_2023_290,BOI,SAS,3,1,2.57,1.35,24,14,0.69,BOI
game_2023_449,ANC,SAS,2,7,1.42,1.66,19,13,0.41,SAS
game_2023_363,OAK,SAS,2,7,2.36,0.72,18,9,0.44,SAS
game_2023_181,TOL,SAS,2,2,3.42,1.75,19,12,0.49,SAS
game_2023_321,ALB,SAS,2,0,0.78,0.9,9,14,0.46,ALB
game_2023_143,SFS,SAS,1,1,1.06,1.23,5,11,0.6,SAS
game_2023_314,REN,SAS,2,0,1.78,0.72,19,14,0.54,REN
game_2023_254,TUC,SAS,1,1,1.46,1.89,12,16,0.59,SAS
game_2023_16,LAR,SAS,2,1,1.88,0.32,18,3,0.48,LAR
game_2023_116,TAC,SAS,1,2,0.41,0.62,11,8,0.56,SAS
game_2023_395,BAK,SAS,1,2,1.56,1.56,14,19,0.42,SAS
game_2023_432,WIC,SAS,2,1,1.13,1.29,21,15,0.54,WIC
game_2023_62,MAN,SAS,1,1,1.63,0.54,22,3,0.53,SAS
game_2023_226,FAR,SAS,1,2,1.13,0.74,12,13,0.48,SAS
game_2023_218,FOR,SAS,4,0,0.44,1.23,6,18,0.62,FOR
game_2023_322,TAC,SFS,0,2,1.35,0.91,14,9,0.37,SFS
game_2023_385,MOB,SFS,0,3,1.12,2.54,20,18,0.42,SFS
game_2023_118,BOI,SFS,1,1,2.02,0.54,16,2,0.37,SFS
game_2023_72,ALB,SFS,1,3,2.21,2.32,23,12,0.49,SFS
game_2023_19,DES,SFS,2,2,1.42,0.87,20,10,0.49,SFS
game_2023_443,WIC,SFS,2,4,2.07,2.36,5,18,0.45,SFS
game_2023_137,FOR,SFS,1,3,1.11,1.16,9,12,0.55,SFS
game_2023_465,TUC,SFS,1,3,0.83,0.92,3,15,0.34,SFS
game_2023_379,LAR,SFS,3,2,1.43,0.51,27,6,0.62,LAR
game_2023_31,REN,SFS,0,1,1.5,0.83,18,10,0.37,SFS
game_2023_89,MAN,SFS,7,2,3.22,0.33,28,12,0.53,MAN
game_2023_409,OAK,SFS,3,0,0.44,0.34,6,6,0.32,OAK
game_2023_426,EUG,SFS,2,1,1.12,0.89,17,10,0.32,EUG
game_2023_158,BAK,SFS,0,0,1.02,1.06,9,14,0.43,SFS
game_2023_249,FAR,SFS,2,3,1.69,1.64,5,14,0.45,SFS
game_2023_276,ANC,SFS,2,0,1.53,0.48,21,6,0.48,ANC
game_2023_306,SAS,SFS,1,1,1.55,0.64,12,9,0.38,SFS
game_2023_182,SPR,SJU,3,1,2.35,1.17,15,7,0.52,SPR
game_2023_422,TAC,SJU,2,0,2.1,0.36,13,15,0.59,TAC
game_2023_245,TOL,SJU,4,1,2.59,0.73,18,13,0.72,TOL
game_2023_275,BAK,SJU,3,1,2.38,1.49,20,17,0.47,BAK
game_2023_248,DOV,SJU,3,0,1.74,1.06,18,14,0.54,DOV
game_2023_17,LEX,SJU,0,0,0.49,0.28,12,9,0.49,SJU
game_2023_117,CHM,SJU,3,1,1.52,0.32,19,6,0.43,CHM
game_2023_337,LAR,SJU,1,0,1.51,0.49,4,19,0.43,LAR
game_2023_201,MAN,SJU,3,7,1.26,2.03,12,9,0.53,SJU
game_2023_315,DES,SJU,1,1,1.36,0.35,7,4,0.55,SJU
game_2023_347,FAR,SJU,4,1,2.09,0.32,15,10,0.62,FAR
game_2023_378,LRO,SJU,3,0,3.27,0.47,20,15,0.59,LRO
game_2023_144,PRO,SJU,2,0,0.91,0.23,4,6,0.57,PRO
game_2023_450,JAC,SJU,0,0,2.13,0.34,15,6,0.65,SJU
game_2023_43,MOB,SJU,0,1,0.57,1.49,5,9,0.5,SJU
game_2023_408,BOI,SJU,0,0,1.39,0.06,15,13,0.53,SJU
game_2023_384,AUG,SJU,3,0,2.91,0.33,17,5,0.61,AUG
game_2023_329,SJU,SPR,2,3,0.63,2.02,6,18,0.53,SPR
game_2023_121,MAN,SPR,0,0,1.44,1.03,18,11,0.44,SPR
game_2023_173,PRO,SPR,1,2,1.47,0.54,14,5,0.47,SPR
game_2023_110,TOL,SPR,3,1,1.35,0.7,13,15,0.64,TOL
game_2023_300,FOR,SPR,1,0,2.15,0.14,21,13,0.77,FOR
game_2023_193,DES,SPR,1,4,1.12,0.73,8,11,0.61,SPR
game_2023_224,FAR,SPR,4,1,1.5,0.14,6,16,0.53,FAR
game_2023_390,JAC,SPR,5,2,2.45,0.15,12,16,0.66,JAC
game_2023_437,AUG,SPR,2,1,2.01,0.44,21,6,0.56,AUG
game_2023_476,WIC,SPR,1,1,1.73,0.57,13,3,0.56,SPR
game_2023_352,LRO,SPR,1,2,2.53,1.39,11,7,0.72,SPR
game_2023_453,CHM,SPR,2,2,1.73,1.06,18,15,0.68,SPR
game_2023_68,LAR,SPR,0,2,1.17,1.51,16,13,0.66,SPR
game_2023_242,TAC,SPR,7,0,3.01,1.17,20,15,0.63,TAC
game_2023_24,MOB,SPR,1,0,1.42,0.7,15,6,0.67,MOB
game_2023_259,LEX,SPR,0,0,1.4,0.53,14,7,0.45,SPR
game_2023_149,DOV,SPR,4,4,2.74,1.95,20,14,0.6,SPR
game_2023_403,SFS,TAC,2,2,1.86,0.91,15,14,0.6,TAC
game_2023_97,FAR,TAC,3,0,3.07,0.24,26,17,0.52,FAR
game_2023_13,LRO,TAC,1,1,2.17,0.23,13,5,0.44,TAC
game_2023_151,ALB,TAC,1,0,1.66,0.56,17,10,0.41,ALB
game_2023_270,BAK,TAC,3,0,0.31,0.41,12,4,0.53,BAK
game_2023_285,BOI,TAC,2,1,1.6,0.45,6,8,0.56,BOI
game_2023_176,WIC,TAC,1,0,1.46,1.23,11,11,0.63,WIC
game_2023_472,SAS,TAC,1,2,0.71,0.51,19,12,0.42,TAC
game_2023_261,JAC,TAC,2,0,2.06,0.7,19,3,0.64,JAC
game_2023_136,AUG,TAC,2,1,2.51,1.46,19,12,0.53,AUG
game_2023_71,EUG,TAC,0,3,1.52,2.57,15,20,0.48,TAC
game_2023_37,ANC,TAC,3,1,3.05,0.81,17,5,0.44,ANC
game_2023_221,REN,TAC,1,1,1.65,0.4,20,13,0.49,TAC
game_2023_417,TUC,TAC,3,7,2.41,0.7,17,12,0.53,TAC
game_2023_343,FOR,TAC,3,1,2.89,0.9,21,16,0.62,FOR
game_2023_211,OAK,TAC,1,0,2.08,0.37,11,4,0.61,OAK
game_2023_52,MAN,TAC,4,1,1.84,0.09,12,6,0.54,MAN
game_2023_415,DOV,TOL,2,1,0.74,1.77,12,17,0.48,DOV
game_2023_171,FOR,TOL,1,3,2.07,0.99,16,16,0.71,TOL
game_2023_148,MOB,TOL,1,2,2.18,1.17,20,11,0.48,TOL
game_2023_132,JAC,TOL,3,1,0.53,0.63,6,9,0.59,JAC
game_2023_312,SJU,TOL,2,3,1.41,1.43,10,17,0.56,TOL
game_2023_460,PRO,TOL,3,0,3.13,0.61,17,5,0.4,PRO
game_2023_365,DES,TOL,1,2,1.22,1.17,17,5,0.5,TOL
game_2023_48,SFS,TOL,2,1,1.63,1.05,20,10,0.62,SFS
game_2023_22,MAN,TOL,3,1,0.67,1.53,19,18,0.53,MAN
game_2023_340,SPR,TOL,1,2,1.46,0.98,16,12,0.48,TOL
game_2023_284,LRO,TOL,3,0,1.93,0.54,15,9,0.62,LRO
game_2023_58,ALB,TOL,1,2,1.09,1.91,7,15,0.52,TOL
game_2023_265,ANC,TOL,1,0,2.4,0.71,18,9,0.51,ANC
game_2023_197,LAR,TOL,0,0,1.36,0.86,11,6,0.53,TOL
game_2023_92,CHM,TOL,2,1,1.88,0.81,15,8,0.6,CHM
game_2023_212,LEX,TOL,0,3,1.7,0.18,20,6,0.46,TOL
game_2023_457,AUG,TOL,1,0,2.11,0.21,20,9,0.57,AUG
game_2023_399,REN,TUC,2,0,1.6,0.46,8,5,0.63,REN
game_2023_183,BOI,TUC,3,1,3.72,0.2,18,13,0.53,BOI
game_2023_18,TAC,TUC,1,3,0.9,2.11,18,18,0.58,TUC
game_2023_440,FAR,TUC,1,0,0.84,0.34,2,1,0.49,FAR
game_2023_169,SFS,TUC,4,1,2.38,0.8,19,18,0.73,SFS
game_2023_101,SAS,TUC,1,0,1.44,0.65,15,14,0.5,SAS
game_2023_305,DOV,TUC,1,3,1.84,1.04,17,11,0.5,TUC
game_2023_319,EUG,TUC,2,0,1.34,0.78,13,6,0.45,EUG
game_2023_455,OAK,TUC,2,0,1.07,0.67,15,10,0.53,OAK
game_2023_130,SJU,TUC,5,4,3.29,1.15,17,12,0.46,SJU
game_2023_202,TOL,TUC,4,1,2.33,0.11,30,3,0.46,TOL
game_2023_262,FOR,TUC,2,2,2.24,1.05,15,13,0.5,TUC
game_2023_227,ALB,TUC,3,3,0.51,1.12,5,9,0.4,TUC
game_2023_281,WIC,TUC,0,0,1.17,0.43,4,10,0.51,TUC
game_2023_63,PRO,TUC,4,0,1.61,0.65,24,11,0.54,PRO
game_2023_371,BAK,TUC,2,1,1.62,0.32,23,8,0.56,BAK
game_2023_356,ANC,TUC,0,1,1.59,0.83,14,15,0.51,TUC
game_2023_376,TAC,WIC,0,3,1.32,1.63,21,9,0.5,WIC
game_2023_150,EUG,WIC,2,1,1.58,0.45,10,9,0.39,EUG
game_2023_331,FOR,WIC,3,0,3.04,1.06,20,17,0.44,FOR
game_2023_342,SAS,WIC,2,0,0.83,0.36,10,8,0.38,SAS
game_2023_260,MOB,WIC,2,0,1.91,0.88,5,5,0.56,MOB
game_2023_51,BAK,WIC,1,2,1.45,1.15,5,10,0.38,WIC
game_2023_471,REN,WIC,2,2,1.97,1.56,19,15,0.56,WIC
game_2023_188,FAR,WIC,4,1,3.33,0.4,25,6,0.45,FAR
game_2023_124,AUG,WIC,3,1,2.61,1.03,17,13,0.54,AUG
game_2023_194,OAK,WIC,5,0,2.78,0.47,19,14,0.53,OAK
game_2023_416,LEX,WIC,2,2,2.41,1.89,22,17,0.47,WIC
game_2023_205,BOI,WIC,1,3,2.36,1.2,16,10,0.35,WIC
game_2023_81,TUC,WIC,2,1,2.72,0.38,16,8,0.33,TUC
game_2023_36,DOV,WIC,0,2,1.11,1.34,9,13,0.31,WIC
game_2023_269,SFS,WIC,1,1,2.84,0.3,26,2,0.54,WIC
game_2023_298,ALB,WIC,2,3,2.61,2.09,12,17,0.43,WIC
game_2023_428,ANC,WIC,1,0,0.94,0.27,15,16,0.44,ANC
